file	lines	statistical_navigation_anchors	execution
bioassay/bioassay.R	342	20,37,38,39,61,90,97,99,106,108,115,122,124,164,215,217,220,222,223,235,250,253,261,274,287,300,305,319,327,334,339	source inspection only; original fits not replayed
bioassay/bioassay0.stan	13	1,7,11,12	source inspection only; original fits not replayed
bioassay/bioassay1.stan	14	1,7,11,12,13	source inspection only; original fits not replayed
birthdays/birthdays.R	2243	20,31,56,57,59,68,69,83,93,105,116,132,146,162,180,185,196,224,235,247,282,297,298,299,307,312,331,340,356,364,367,380,390,398,399,400,401,404,405,416,425,449,455,468,476,488,502,524,531,537,548,553,564,588,597,605,638,659,671,676,687,719,760,762,781,787,801,806,817,851,895,914,918,920,925,931,943,947,952,963,1009,1011,1018,1032,1051,1060,1068,1071,1113,1125,1129,1147,1160,1165,1174,1177,1224,1226,1233,1248,1294,1296,1301,1334,1341,1356,1382,1387,1438,1453,1536,1543,1551,1579,1584,1638,1653,1700,1702,1713,1718,1721,1727,1742,1750,1797,1800,1802,1804,1805,1806,1807,1808,1809,1814,1816,1821,1832,1834,1840,1841,1843,1849,1857,1860,1862,1864,1869,1884,1892,1932,1933,1934,1935,1936,1950,1955,1959,1973,1977,1979,1981,1986,1987,1988,1989,1990,1991,1992,1997,2000,2022,2025,2026,2027,2028,2046,2052,2075,2093,2110,2131,2164,2168,2169,2171,2174,2176,2178,2183,2189,2220,2227,2228,2234,2239	source inspection only; original fits not replayed
birthdays/gpbasisfun_functions.stan	18		source inspection only; original fits not replayed
birthdays/gpbf1.stan	54	1,4,12,24,31,34,35,36,37,38,39,41,43,45,51,52	source inspection only; original fits not replayed
birthdays/gpbf1b.stan	52	1,4,12,24,30,33,34,35,36,37,39,41,43,49,50	source inspection only; original fits not replayed
birthdays/gpbf2.stan	73	1,4,13,30,39,43,44,45,46,47,48,49,50,52,57,61,70,71	source inspection only; original fits not replayed
birthdays/gpbf3.stan	84	1,4,14,31,41,48,49,50,51,52,53,54,55,56,58,63,68,81,82	source inspection only; original fits not replayed
birthdays/gpbf4.stan	101	1,4,16,38,51,60,61,62,63,64,65,66,67,68,69,70,71,73,78,84,98,99	source inspection only; original fits not replayed
birthdays/gpbf5.stan	120	1,4,17,27,28,44,62,73,74,75,76,77,78,79,80,81,82,83,85,86,87,88,89,91,96,102,117,118	source inspection only; original fits not replayed
birthdays/gpbf6.stan	89	1,4,15,32,44,51,52,53,54,55,56,57,58,59,60,61,63,68,73,86,87	source inspection only; original fits not replayed
birthdays/gpbf7.stan	104	1,4,18,35,48,60,61,62,63,64,65,66,67,68,69,70,71,73,78,83,101,102	source inspection only; original fits not replayed
birthdays/gpbf8.stan	119	1,4,20,40,56,70,71,72,73,74,75,76,77,78,79,80,81,82,83,84,86,91,97,117	source inspection only; original fits not replayed
birthdays/gpbf8rhs.stan	136	1,4,19,21,41,46,66,82,83,84,85,86,88,89,90,91,93,94,95,96,97,98,99,100,101,103,108,114,134	source inspection only; original fits not replayed
birthdays/gpbf8rhs_nogq.stan	107	1,4,19,21,41,46,66,82,83,84,85,86,88,89,90,91,93,94,95,96,97,98,99,100,101,103	source inspection only; original fits not replayed
birthdays/gpbf8tnu.stan	121	1,4,20,40,57,71,72,73,74,75,76,77,78,79,80,81,82,83,84,85,86,88,93,99,119	source inspection only; original fits not replayed
birthdays/plot_helpers.R	357	1,326	source inspection only; original fits not replayed
cat_adoptions/adoptions_censored.stan	21	2,8,11,12,16,18	source inspection only; original fits not replayed
cat_adoptions/adoptions_imputation.stan	23	2,8,12,13,17,18,20	source inspection only; original fits not replayed
cat_adoptions/adoptions_observed.stan	21	2,8,11,12,16	source inspection only; original fits not replayed
cat_adoptions/adoptions_poisson.stan	14	2,8,11,12,13	source inspection only; original fits not replayed
cat_adoptions/adoptions_varying.stan	28	2,8,14,15,16,20,23,25	source inspection only; original fits not replayed
cat_adoptions/cat_adoptions.R	550	20,40,41,43,56,58,89,139,169,195,200,203,207,214,215,233,243,253,309,311,328,343,372,436,454,472,474,501,503,505,507,518,519,520,522,524,526,534,547	source inspection only; original fits not replayed
coronavirus/coronavirus.R	508	21,42,43,45,48,85,91,112,201,211,218,241,252,268,271,290,316,325,335,398,410,423,424,428,443,452,453,480,500,505	source inspection only; original fits not replayed
coronavirus/prior-sensitivity.stan	55	1,17,34,40,41,42,43,44,46,47,48,49,51,52,53,54	source inspection only; original fits not replayed
coronavirus/santa-clara-hierarchical-mrp.stan	90	1,22,37,41,49,50,51,52,53,54,55,56,57,58,59,60,61,62,63,64,65,66,67,69	source inspection only; original fits not replayed
coronavirus/santa-clara-hierarchical.stan	42	1,13,22,27,28,29,30,31,32,33,34,35,36,38,39	source inspection only; original fits not replayed
coronavirus/santa-clara.stan	19	1,4,7,10,11,12,13,15,16	source inspection only; original fits not replayed
declining_exponentials/declining_exponentials.R	460	20,29,46,67,82,84,87,91,100,103,113,114,127,152,158,191,197,213,221,229,234,240,253,284,286,296,297,317,345,370,385,388,390,398,400,403,410,422,425,437,441,445,451,457	source inspection only; original fits not replayed
declining_exponentials/declining_exponentials.Rmd	448	36,51,70,73,76,80,90,102,115,141,181,203,218,223,243,274,276,289,310,343,367,381,383,384,394,396,398,406,419,422,434,436,437,440,446	source inspection only; original fits not replayed
declining_exponentials/exponential.stan	16	1,6,11,12,13,14,15	source inspection only; original fits not replayed
declining_exponentials/exponential_positive.stan	16	1,6,11,12,13,14,15	source inspection only; original fits not replayed
declining_exponentials/exponential_positive_lognormal.stan	17	1,6,11,13,14,15,16	source inspection only; original fits not replayed
declining_exponentials/sum_of_exponentials.stan	14	1,6,11,13	source inspection only; original fits not replayed
declining_exponentials/sum_of_exponentials_with_priors.stan	17	1,6,11,13,14,15,16	source inspection only; original fits not replayed
digits/digits.R	520	21,27,62,76,81,82,83,84,98,101,105,127,153,171,172,180,181,186,188,190,195,198,199,202,205,207,208,209,211,233,234,235,243,251,258,263,281,317,350,359,360,361,362,363,369,408,415,423,435,442,491,496,497,498,501,506,508,512,517	source inspection only; original fits not replayed
digits/linear.stan	28	1,2,6,7,8,9,10,12,17,22,23,24,25,26,27	source inspection only; original fits not replayed
dogs/dogs.R	758	17,20,25,26,48,49,50,52,53,68,104,110,111,112,122,123,125,127,136,150,151,153,155,158,161,166,184,187,190,193,196,203,270,274,278,286,320,322,323,325,331,335,345,347,349,351,353,356,361,375,378,379,381,383,385,390,395,400,414,417,419,421,423,427,432,435,449,452,453,455,457,459,467,472,474,515,518,521,523,529,531,535,539,550,604,606,608,609,615,631,633,643,648,654,659,672,681,686,689,690,704,709,712,713,722,740,742,750,755	source inspection only; original fits not replayed
dogs/dogs_0.stan	33	1,6,10,18,21,25	source inspection only; original fits not replayed
dogs/dogs_1.stan	32	1,6,9,17,20,24	source inspection only; original fits not replayed
dogs/dogs_2.stan	49	1,6,18,22,26,30	source inspection only; original fits not replayed
dogs/dogs_3.stan	36	1,6,11,20,23,26,28	source inspection only; original fits not replayed
dogs/dogs_4.stan	58	1,2,4,9,21,26,30,34,36,39	source inspection only; original fits not replayed
dogs/dogs_5.stan	65	1,3,8,20,26,34,38,41,42,43,44,46	source inspection only; original fits not replayed
dogs/dogs_stan.R	328	17,20,39,40,42,49,54,56,63,70,77,86,87,88,95,103,145,146,222,230,274,320,325	source inspection only; original fits not replayed
exercises/chapter_06/cdc/births.R	193		source inspection only; original fits not replayed
golf/golf.R	1133	20,43,46,68,105,122,130,156,190,290,308,332,336,362,366,399,403,493,512,518,535,559,570,607,615,672,701,714,738,763,770,778,817,824,825,830,872,874,880,881,886,941,947,960,961,962,965,967,971,972,976,977,981,987,988,989,992,994,995,996,1006,1011,1020,1037,1091,1092,1094,1098,1100,1101,1113,1125,1130	source inspection only; original fits not replayed
golf/golf_angle_binomial.stan	21	1,8,11,14,17,19	source inspection only; original fits not replayed
golf/golf_angle_distance_4.stan	34	1,9,13,20,25,26,27,28,30	source inspection only; original fits not replayed
golf/golf_angle_distance_binomial.stan	28	1,9,12,16,17,23,25	source inspection only; original fits not replayed
golf/golf_angle_distance_binomial_with_constant_errors.stan	35	1,11,15,20,27,28,29,30,32	source inspection only; original fits not replayed
golf/golf_angle_distance_binomial_with_constant_errors_2.stan	35	1,10,14,20,26,27,28,29,30,32	source inspection only; original fits not replayed
golf/golf_angle_distance_binomial_with_constant_errors_3.stan	36	1,9,13,20,26,27,28,29,30,31,33	source inspection only; original fits not replayed
golf/golf_angle_distance_binomial_with_logit_errors.stan	32	1,11,14,20,21,22,28,30	source inspection only; original fits not replayed
golf/golf_angle_distance_binomial_with_proportional_errors.stan	36	1,11,15,21,28,29,30,31,33	source inspection only; original fits not replayed
golf/golf_angle_distance_binomial_with_proportional_errors_2.stan	36	1,10,14,21,27,28,29,30,31,33	source inspection only; original fits not replayed
golf/golf_angle_distance_binomial_with_proportional_errors_3.stan	37	1,9,13,21,27,28,29,30,31,32,34	source inspection only; original fits not replayed
golf/golf_angle_distance_normal.stan	31	1,11,15,20,21,27,29	source inspection only; original fits not replayed
golf/golf_angle_distance_normal_with_resids.stan	33	1,11,15,20,26,27,28,30	source inspection only; original fits not replayed
golf/golf_log_lik.stan	35	1,12,17,22,23,27	source inspection only; original fits not replayed
golf/golf_log_lik_constant_errors.stan	14	1,6,9,10,12	source inspection only; original fits not replayed
golf/golf_logistic.stan	13	1,7,11,12	source inspection only; original fits not replayed
loo_comparison/loo_comparison.R	493	2,3,21,33,36,37,38,48,49,50,51,68,69,70,73,95,96,110,115,117,118,119,120,123,133,137,175,182,190,206,207,208,209,211,214,224,226,227,232,236,237,241,242,246,249,265,273,275,279,288,299,303,304,308,309,313,315,316,320,326,338,356,367,370,391,398,406,407,408,410,411,412,414,415,416,420,422,424,425,427,428,430,431,434,435,436,437,439,442,463,466,467,468,469,472,475,485,490	source inspection only; original fits not replayed
misc/chapter_05/section_05_06/z-scores.Rmd	405	2,219,257	source inspection only; original fits not replayed
misc/chapter_05/section_05_09/kilpis_priorcheck.R	92	2,17,35,47,49,73,85	source inspection only; original fits not replayed
misc/chapter_05/section_05_09/logistic_priorcheck.R	61	2,17,33,35,40,41,42,43,53,61	source inspection only; original fits not replayed
misc/chapter_05/section_05_09/prior_predictive_simulations.R	39	7,19,20,22,27,28,30,35,36,38	source inspection only; original fits not replayed
misc/chapter_05/section_05_10/bayesian_tails.R	163	1,4,5,6,26,39,86,104	source inspection only; original fits not replayed
misc/chapter_05/section_05_10/bias.stan	13	1,5,9,10,11,12	source inspection only; original fits not replayed
misc/chapter_05/section_05_10/cauchy.stan	12	1,5,9,10,11	source inspection only; original fits not replayed
misc/chapter_05/section_05_10/logit_priors.R	23		source inspection only; original fits not replayed
misc/chapter_05/section_05_10/normal.stan	12	1,5,9,10,11	source inspection only; original fits not replayed
misc/chapter_06/section_06_01/linear.stan	12	1,6,10,11	source inspection only; original fits not replayed
misc/chapter_06/section_06_01/linear_case_study.R	65	3,13,38,57	source inspection only; original fits not replayed
misc/chapter_06/section_06_01/linear_with_pred.stan	17	1,8,12,13,15	source inspection only; original fits not replayed
misc/chapter_06/section_06_02/logistic_1.stan	11	1,6,9,10	source inspection only; original fits not replayed
misc/chapter_06/section_06_02/logistic_2.stan	14	1,7,10,11,12,13	source inspection only; original fits not replayed
misc/chapter_06/section_06_02/logistic_3.stan	15	1,7,11,12,13,14	source inspection only; original fits not replayed
misc/chapter_06/section_06_02/rats.R	143	3,6,8,10	source inspection only; original fits not replayed
misc/chapter_06/section_06_03/measurement_error.R	27		source inspection only; original fits not replayed
misc/chapter_06/section_06_04/intro_causal.R	163	7,34,66	source inspection only; original fits not replayed
misc/chapter_07/section_07_01/avg_pred_effect.R	43		source inspection only; original fits not replayed
misc/chapter_07/section_07_02/causal_poststrat_stan.R	125	3,8,9,10,31	source inspection only; original fits not replayed
misc/chapter_07/section_07_02/mrp_demo.stan	23	1,6,12,16,17,19	source inspection only; original fits not replayed
misc/chapter_07/section_07_02/mrp_demo_logit.stan	23	1,6,13,16,17,19	source inspection only; original fits not replayed
misc/chapter_07/section_07_02/mrp_demo_quadratic.stan	23	1,6,12,16,17,19	source inspection only; original fits not replayed
misc/chapter_08/section_08_01/reverse_engineering.R	247	158	source inspection only; original fits not replayed
misc/chapter_08/section_08_02/kilpis_ppc.R	140	34,35,36,42,52,59,64,65,66,68,71,76,77,80,89,98,114,123,130,134,140	source inspection only; original fits not replayed
misc/chapter_08/section_08_02/simple_ppc.R	85	33,34,40,44,49,56,61,68,73,80,85	source inspection only; original fits not replayed
misc/chapter_08/section_08_04/arsenic_loo.R	84	2,35,48,54,56,57,69,79	source inspection only; original fits not replayed
misc/chapter_10/section_10_05/hot_hand.R	72		source inspection only; original fits not replayed
misc/chapter_10/section_10_05/sexratio.R	88	11,12,13,49	source inspection only; original fits not replayed
misc/chapter_10/section_10_05/sexratio_linear_0.stan	12	1,6,10,11	source inspection only; original fits not replayed
misc/chapter_10/section_10_05/sexratio_linear_prior.stan	16	1,8,12,13,14,15	source inspection only; original fits not replayed
misc/chapter_11/section_11_01/typical_set.R	43		source inspection only; original fits not replayed
misc/chapter_12/section_12_02/inits_for_optimization.R	73	3,7	source inspection only; original fits not replayed
misc/chapter_12/section_12_02/logit_0.stan	11	1,5,8,9	source inspection only; original fits not replayed
misc/chapter_12/section_12_04/lotka-volterra.stan	52	1,16,22,27,33,34,35,36,37,39,41,44	source inspection only; original fits not replayed
misc/chapter_12/section_12_04/underdetermined.R	138	12,41,122,125	source inspection only; original fits not replayed
misc/chapter_14/section_14_01/sbc_workflow.R	75	33,39,58,61,64,67,70,75	source inspection only; original fits not replayed
movies/movies.R	455	3,18,21,42,64,71,82,90,171,173,187,271,388,452	source inspection only; original fits not replayed
movies/ratings_1.stan	22	1,6,10,11,12,15,18	source inspection only; original fits not replayed
movies/ratings_2.stan	15	1,7,11,12,13,14	source inspection only; original fits not replayed
movies/ratings_3.stan	28	1,9,17,20,21,22,23,24,25,26,27	source inspection only; original fits not replayed
multiple_choice/irt_guessing.stan	24	1,11,17,18,19,20,21,22,23	source inspection only; original fits not replayed
multiple_choice/irt_guessing_discrimination.stan	27	1,11,18,19,20,21,22,23,24,25,26	source inspection only; original fits not replayed
multiple_choice/logit_0.stan	11	1,6,9,10	source inspection only; original fits not replayed
multiple_choice/logit_guessing.stan	18	1,8,11,14,15,16,17	source inspection only; original fits not replayed
multiple_choice/logit_guessing_multilevel.stan	29	1,12,15,21,22,23,24,25,26,27,28	source inspection only; original fits not replayed
multiple_choice/logit_guessing_multilevel_bivariate.stan	35	1,12,15,21,29,30,31,32,33,34	source inspection only; original fits not replayed
multiple_choice/logit_guessing_multilevel_bivariate_cholesky.stan	38	1,12,15,21,29,30,31,32,33,34,36	source inspection only; original fits not replayed
multiple_choice/logit_guessing_uncentered.stan	15	1,8,11,12,13,14	source inspection only; original fits not replayed
multiple_choice/logit_guessing_uncentered_multilevel.stan	26	1,12,18,19,20,21,22,23,24,25	source inspection only; original fits not replayed
multiple_choice/logit_prior.stan	18	1,8,11,14,15,16,17	source inspection only; original fits not replayed
multiple_choice/multiple_choice.R	584	21,54,73,77,78,79,80,81,82,83,84,85,86,88,111,113,129,137,150,163,172,198,215,239,262,285,309,311,329,349,428,429,449,450,452,460,461,463,471,472,474,478,482,576,581	source inspection only; original fits not replayed
multiple_choice/plot_functions.R	392		source inspection only; original fits not replayed
nabiximols/nabiximols.R	1140	20,23,55,57,58,59,60,62,82,86,134,136,137,142,145,146,147,151,159,162,163,164,168,171,172,173,175,178,184,185,194,205,213,216,235,249,282,303,306,307,308,312,316,327,329,332,334,342,346,351,358,365,373,376,381,385,392,422,426,434,437,438,439,443,446,453,459,464,466,472,474,479,483,488,492,495,497,501,513,529,530,544,545,554,556,558,559,560,566,567,569,571,573,578,581,582,583,588,594,595,597,601,603,618,621,622,626,631,632,633,651,658,663,668,672,678,679,692,693,701,703,707,723,744,856,858,860,864,867,876,884,887,892,895,909,912,913,917,921,926,934,939,950,953,954,958,963,966,967,971,1029,1044,1046,1047,1049,1050,1058,1061,1062,1066,1070,1072,1090,1096,1098,1104,1121,1130,1137	source inspection only; original fits not replayed
park_rule/park_1.stan	21	1,8,15,16,17,18,19,20	source inspection only; original fits not replayed
park_rule/park_1_normal.stan	18	1,8,14,15,16,17	source inspection only; original fits not replayed
park_rule/park_2.stan	25	1,8,15,19,20,21,22,23,24	source inspection only; original fits not replayed
park_rule/park_2_normal.stan	18	1,8,14,15,16,17	source inspection only; original fits not replayed
park_rule/park_3.stan	21	1,8,15,16,17,18,19,20	source inspection only; original fits not replayed
park_rule/park_3_normal.stan	18	1,8,14,15,16,17	source inspection only; original fits not replayed
park_rule/park_4.stan	27	1,8,14,21,22,23,24,25,26	source inspection only; original fits not replayed
park_rule/park_rule.R	610	3,18,20,47,49,51,74,106,128,156,158,180,207,212,214,227,234,236,240,241,242,250,259,260,261,263,270,272,273,278,301,309,323,328,333,339,349,350,354,355,356,361,367,368,378,384,389,398,409,423,430,436,446,447,449,450,454,459,465,475,476,477,483,491,499,500,503,505,508,513,515,602,607	source inspection only; original fits not replayed
planetary_motion/planetary_motion.R	845	21,51,56,63,65,86,112,128,149,155,190,205,215,224,251,282,286,307,313,315,318,332,344,384,389,397,441,444,448,460,463,467,483,487,492,497,503,505,509,511,518,523,536,539,552,553,566,569,575,577,601,616,619,627,628,630,632,652,728,735,770,773,776,784,809,813,825,826,827,832,837,842	source inspection only; original fits not replayed
planetary_motion/planetary_motion.stan	60	1,15,19,41,44,48,49,51,52,54	source inspection only; original fits not replayed
planetary_motion/planetary_motion_sim.stan	54	5,18,23,43,46,47,49	source inspection only; original fits not replayed
planetary_motion/planetary_motion_star.stan	64	1,15,22,35,41,46,47,50,51,52,53,55,56,58	source inspection only; original fits not replayed
planetary_motion/tools.R	94		source inspection only; original fits not replayed
problems/hier_cp.stan	19	1,7,8,9,13,14,15,16,17,18	source inspection only; original fits not replayed
problems/hier_ncp.stan	22	1,7,8,9,13,16,17,18,19,20,21	source inspection only; original fits not replayed
problems/linear_glm.stan	18	2,8,13,14,15,16,17	source inspection only; original fits not replayed
problems/linear_glm2.stan	18	2,8,13,14,15,16,17	source inspection only; original fits not replayed
problems/linear_glm_kilpis.stan	18	2,8,13,14,15,16,17	source inspection only; original fits not replayed
problems/logit_glm.stan	14	2,8,12,13	source inspection only; original fits not replayed
problems/logit_glm2.stan	16	2,8,12,13,14,15	source inspection only; original fits not replayed
problems/logit_glm3.stan	17	2,8,13,14,15,16	source inspection only; original fits not replayed
problems/logit_glm4.stan	16	2,8,12,13,14,15	source inspection only; original fits not replayed
problems/pois_glm.stan	16	2,8,12,13,14,15	source inspection only; original fits not replayed
problems/problems.R	980	20,24,43,73,75,76,83,103,106,114,118,121,122,124,130,133,135,154,156,165,167,169,176,180,183,184,186,199,203,206,210,217,221,224,225,227,231,232,242,251,259,268,276,278,287,290,291,293,296,297,301,329,337,347,366,375,378,381,383,388,408,422,424,425,437,446,449,451,455,462,471,474,476,477,481,501,509,522,524,525,550,553,572,574,590,592,603,611,614,616,617,621,638,641,644,655,659,661,662,673,676,678,685,689,691,692,696,697,716,730,733,739,741,744,749,769,772,773,777,779,787,791,792,802,805,807,815,819,820,826,836,839,840,843,845,853,857,858,863,877,883,885,896,898,905,916,922,923,924,925,929,931,932,936,942,947,949,959,962,968,972,977	source inspection only; original fits not replayed
problems/student.stan	12	2,6,9,10,11	source inspection only; original fits not replayed
roaches/poisson_vi_integrate.stan	62	2,11,19,23,25,26,27,28,29,30,32,34,35,36,40,41,43,44,49,50,57,58,59	source inspection only; original fits not replayed
roaches/roaches.R	987	21,26,43,45,46,47,49,58,76,94,101,103,106,109,124,133,152,158,164,165,166,168,170,177,182,183,188,199,201,203,206,208,231,236,258,265,280,289,294,301,313,315,316,317,318,320,324,328,334,335,337,342,343,347,351,359,362,363,365,367,368,379,383,384,391,399,403,408,415,428,433,438,440,447,448,454,456,461,474,476,477,478,485,489,495,496,504,515,517,526,531,541,543,552,553,556,562,567,570,576,586,588,597,602,603,604,609,611,614,617,626,627,630,631,632,634,635,644,656,657,658,686,687,689,697,706,711,723,731,745,748,749,750,753,754,756,758,763,766,767,771,772,776,786,792,796,800,806,814,816,817,822,871,923,925,926,928,931,936,939,950,952,979,984	source inspection only; original fits not replayed
sbc/models/combined_first.stan	21	1,7,11,14,18,19,20	source inspection only; original fits not replayed
sbc/models/logistic_first.stan	15	1,7,11,12,13,14	source inspection only; original fits not replayed
sbc/models/logistic_fixed_prior.stan	14	1,7,10,11,12,13	source inspection only; original fits not replayed
sbc/models/logistic_merged_intercept.stan	14	1,7,10,11,12,13	source inspection only; original fits not replayed
sbc/models/mixture_first.stan	15	1,5,10,11,12,13	source inspection only; original fits not replayed
sbc/models/mixture_fixed_log_mix.stan	19	1,5,10,12,16,17	source inspection only; original fits not replayed
sbc/models/mixture_fixed_ordered.stan	17	1,5,9,11,15	source inspection only; original fits not replayed
sbc/sbc.R	975	2,21,26,44,45,47,93,109,110,111,112,137,142,150,154,155,157,177,187,188,200,210,217,220,224,225,233,237,249,250,253,256,268,271,275,276,280,282,296,307,309,313,314,315,327,330,331,337,340,343,345,348,350,351,354,355,358,359,361,376,381,391,410,426,427,445,446,472,475,479,480,501,513,521,522,523,525,526,530,534,540,541,542,544,545,548,553,564,571,578,580,584,586,588,592,594,614,620,630,638,640,643,645,651,655,656,666,667,684,690,692,693,697,700,704,705,709,711,736,748,749,750,757,760,764,765,766,769,774,778,790,791,792,794,800,811,818,820,851,863,864,871,895,898,905,929,931,932,950,955,958,961,963,967,972	source inspection only; original fits not replayed
sharks/sharks.R	703	21,43,45,47,49,82,103,126,129,146,323,378,406,415,432,695,700	source inspection only; original fits not replayed
sharks/step_turn_hmm.stan	247	14,25,38,53,58,59,60,61,62,63,97,110,115,166,178,199,210,231,242,243	source inspection only; original fits not replayed
sharks/step_turn_hmm_covariates.stan	140	14,27,40,51,58,59,60,61,62,63,65,124,137	source inspection only; original fits not replayed
sharks/step_turn_hmm_covariates_cre_ncp.stan	155	15,29,45,60,67,68,69,70,71,72,74,78,79,80,139,152	source inspection only; original fits not replayed
sleep_study/shrinkage_plots_gaussian.R	90	3,21,22,23,25,26,41,42,43,44,45,46,48,49	source inspection only; original fits not replayed
sleep_study/shrinkage_plots_lognormal.R	92	3,21,22,23,25,26,42,43,44,45,46,47,49,51	source inspection only; original fits not replayed
sleep_study/sleep_study.R	863	3,18,21,23,25,29,52,53,56,58,59,61,76,99,101,102,103,104,111,115,116,121,131,135,136,137,139,140,141,142,144,148,152,153,154,158,159,163,171,175,176,181,189,192,195,196,200,202,206,207,208,210,211,212,213,219,223,224,237,238,242,244,247,249,250,251,252,258,262,263,276,277,281,283,293,295,300,303,307,308,309,311,312,313,314,315,321,325,326,347,351,352,353,355,356,357,358,359,360,361,367,371,385,388,400,419,421,422,423,424,426,430,434,435,436,440,441,444,447,449,457,458,459,460,462,466,470,471,472,476,477,480,483,485,493,494,503,507,508,521,522,526,528,535,536,538,540,541,542,543,544,545,546,552,556,557,571,574,578,581,582,594,595,600,604,606,611,617,618,619,621,622,623,624,625,626,627,628,634,639,640,654,658,659,668,669,670,671,672,673,674,675,676,682,687,690,704,709,711,717,722,725,739,743,744,745,747,749,750,756,757,763,768,771,785,787,788,789,790,793,798,799,802,815,816,817,819,820,823,826,828,832,833,835,838,841,846,850,855,860	source inspection only; original fits not replayed
timeseries/mixture.stan	20	1,7,11,13,18	source inspection only; original fits not replayed
timeseries/mixture_2.stan	33	1,7,11,13,18,21	source inspection only; original fits not replayed
timeseries/timeseries.R	329	21,40,82,99,122,168,170,181,196,227,234,320,326	source inspection only; original fits not replayed
timeseries/timeseries.Rmd	302	29,53,132,147,159,170,189,196,298	source inspection only; original fits not replayed
variable_selection/data/student-merge.R	5		source inspection only; original fits not replayed
variable_selection/data/student_setup.R	53		source inspection only; original fits not replayed
variable_selection/variable_selection.R	820	21,44,48,51,62,79,80,81,86,111,157,163,166,169,172,174,175,181,182,193,208,210,211,214,216,218,221,226,227,228,232,233,234,235,236,237,239,241,242,243,244,246,248,251,253,255,257,259,260,262,265,266,267,269,270,271,272,273,277,278,284,286,287,290,291,293,294,295,303,304,308,318,319,323,329,330,333,335,337,338,340,342,348,351,352,363,373,378,381,382,393,407,411,432,433,434,436,438,440,451,462,471,478,479,481,482,483,484,486,487,488,490,492,493,494,495,496,504,505,507,509,510,511,512,514,515,516,517,518,521,524,555,564,566,571,579,586,588,590,616,617,619,625,671,680,684,687,688,691,696,699,712,736,737,739,745,791,800,811,816	source inspection only; original fits not replayed
world_cup/world_cup.R	574	20,48,49,51,64,79,87,89,98,108,113,135,156,157,180,181,201,216,217,238,253,255,269,273,275,276,283,288,289,296,301,302,309,315,316,323,328,329,336,341,348,352,354,355,356,357,361,363,365,372,377,379,386,391,395,397,398,399,403,406,413,424,431,437,439,446,451,454,455,457,458,459,466,468,469,470,474,476,477,481,485,491,495,501,512,514,524,528,530,531,532,536,538,539,543,547,548,552,565,570	source inspection only; original fits not replayed
world_cup/worldcup_bivariate_poisson.stan	97	1,15,35,38,44,54,55,56,58,59,60,61,62,63,64,65,66,67,68,69,73,77,78,85,94	source inspection only; original fits not replayed
world_cup/worldcup_continuous.stan	37	1,4,10,13,15,16,19,20,21,23,24,25,26,27,28,30,32,35	source inspection only; original fits not replayed
world_cup/worldcup_continuous_midpoint_ll.stan	36	1,4,10,13,19,20,22,23,24,25,26,27,29,31,34	source inspection only; original fits not replayed
world_cup/worldcup_discrete.stan	41	1,4,10,13,19,20,22,23,24,25,26,28,32,35,39	source inspection only; original fits not replayed
world_cup/worldcup_discrete_nopower.stan	40	1,9,12,17,20,21,22,23,25,29,32,37	source inspection only; original fits not replayed
world_cup/worldcup_discrete_pooled.stan	34	1,4,10,13,17,18,19,21,25,28,32	source inspection only; original fits not replayed
world_cup/worldcup_discrete_poweronly.stan	39	1,4,10,13,18,19,21,22,23,24,26,30,33,37	source inspection only; original fits not replayed
world_cup/worldcup_discrete_z.stan	40	1,4,11,14,21,22,24,25,26,27,28,29,31,34,38	source inspection only; original fits not replayed
world_cup/worldcup_first_try.stan	35	3,6,13,20,26,27,29,30,31,32,33,34	source inspection only; original fits not replayed
world_cup/worldcup_fixed.stan	43	2,5,12,19,25,26,28,29,30,31,32,33,35,38	source inspection only; original fits not replayed
world_cup/worldcup_no_prior.stan	38	1,4,10,12,19,24,25,27,28,29,30,31,33,34,36	source inspection only; original fits not replayed
world_cup/worldcup_no_sqrt.stan	35	1,4,11,14,20,21,23,24,25,26,27,28,30	source inspection only; original fits not replayed
world_cup/worldcup_poisson_difference.stan	48	1,4,10,13,18,19,21,22,23,24,30,34,36,45	source inspection only; original fits not replayed
world_cup/worldcup_sqrt_continuous.stan	80	2,13,16,23,30,36,37,39,40,41,42,43,44,46,49,53	source inspection only; original fits not replayed
world_cup/worldcup_sqrt_continuous_nojacobian.stan	50	2,5,12,19,25,26,28,29,30,31,32,33,35,38,42	source inspection only; original fits not replayed
world_cup/worldcup_sqrt_discrete.stan	107	2,13,16,23,30,36,37,39,40,41,42,43,45,71,74,78,79	source inspection only; original fits not replayed
world_cup/worldcup_with_replication.stan	43	3,6,13,20,26,27,29,30,31,32,33,34,36	source inspection only; original fits not replayed
